City_ID,City,Country,Date,Lat,Lng,Max Temp,Humidity,Cloudiness,Wind Speed
0,Chengdu,CN,2022-09-19 03:20:25,30.6667,104.0667,73.29,88,75,2.24
1,Albany,US,2022-09-19 03:20:25,42.6001,-73.9662,67.59,94,100,3.13
2,Taoudenni,ML,2022-09-19 03:20:26,22.6783,-3.9836,89.24,20,7,9.8
3,Kefamenanu,ID,2022-09-19 03:20:26,-9.4467,124.4781,91.9,27,68,7.45
4,Leh,IN,2022-09-19 03:20:26,34.1667,77.5833,55.62,22,0,2.75
5,Belaya Gora,RU,2022-09-19 03:20:27,68.5333,146.4167,46.76,40,100,19.22
6,Ulaangom,MN,2022-09-19 03:20:27,49.9811,92.0667,53.49,46,0,2.62
7,Gat,IL,2022-09-19 03:20:28,31.61,34.7642,74.39,100,26,3.09
8,Jieshi,CN,2022-09-19 03:20:28,22.8134,115.8257,89.92,57,21,3.6
9,Kashi,CN,2022-09-19 03:20:28,39.4547,75.9797,63.61,72,20,4.47
10,Punta Arenas,CL,2022-09-19 03:20:29,-53.15,-70.9167,35.71,87,0,6.91
11,Victoria,HK,2022-09-19 03:19:27,22.2855,114.1577,92.25,76,53,5.99
12,Acapulco,MX,2022-09-19 03:18:48,16.8634,-99.8901,80.42,78,100,9.22
13,Troitskoye,RU,2022-09-19 03:17:36,52.9821,84.6757,56.07,50,0,2.3
14,Pavlodar,KZ,2022-09-19 03:20:29,52.3,76.95,53.4,40,0,2.24
15,Grajau,BR,2022-09-19 03:20:29,-5.8194,-46.1386,76.35,67,55,2.46
16,Qaanaaq,GL,2022-09-19 03:20:30,77.484,-69.3632,23.18,50,45,8.68
17,Avarua,CK,2022-09-19 03:20:30,-21.2078,-159.775,75.25,88,75,3.44
18,Syumsi,RU,2022-09-19 03:20:31,57.1111,51.6149,59.13,94,100,9.28
19,Lorengau,PG,2022-09-19 03:20:31,-2.0226,147.2712,84.11,71,95,6.64
20,New Norfolk,AU,2022-09-19 03:20:31,-42.7826,147.0587,59.72,67,62,3.0
21,Okaihau,NZ,2022-09-19 03:20:31,-35.3167,173.7833,57.65,97,100,8.81
22,Mount Gambier,AU,2022-09-19 03:20:32,-37.8333,140.7667,56.97,60,85,7.54
23,Isla Vista,US,2022-09-19 03:20:32,34.4133,-119.861,67.41,82,0,0.0
24,Atuona,PF,2022-09-19 03:20:32,-9.8,-139.0333,76.91,76,17,20.45
25,Zelenets,RU,2022-09-19 03:20:33,61.8849,50.7489,44.85,82,100,5.14
26,Ushuaia,AR,2022-09-19 03:20:33,-54.8,-68.3,35.26,75,0,0.0
27,Khatanga,RU,2022-09-19 03:20:33,71.9667,102.5,33.39,56,16,14.16
28,Nome,US,2022-09-19 03:20:33,64.5011,-165.4064,46.47,87,100,23.02
29,Lodja,CD,2022-09-19 03:20:34,-3.4833,23.4333,68.41,98,100,0.22
30,Port Hedland,AU,2022-09-19 03:20:34,-20.3167,118.5667,82.45,47,3,18.41
31,Wahiawa,US,2022-09-19 03:16:07,21.5028,-158.0236,82.76,68,75,9.22
32,Baruun-Urt,MN,2022-09-19 03:20:35,46.6806,113.2792,50.09,32,0,6.24
33,Busselton,AU,2022-09-19 03:20:35,-33.65,115.3333,57.09,80,77,18.84
34,Mayumba,GA,2022-09-19 03:20:35,-3.432,10.6554,74.43,90,100,8.1
35,Bredasdorp,ZA,2022-09-19 03:20:36,-34.5322,20.0403,50.34,85,95,4.07
36,Kapaa,US,2022-09-19 03:20:36,22.0752,-159.319,84.18,78,75,13.8
37,Arraial Do Cabo,BR,2022-09-19 03:20:36,-22.9661,-42.0278,66.13,73,0,2.84
38,Port Elizabeth,ZA,2022-09-19 03:20:37,-33.918,25.5701,55.69,82,0,12.66
39,Itarema,BR,2022-09-19 03:20:37,-2.9248,-39.9167,77.65,83,20,14.34
40,Plettenberg Bay,ZA,2022-09-19 03:20:37,-34.0527,23.3716,55.13,81,100,7.2
41,Pisco,PE,2022-09-19 03:20:37,-13.7,-76.2167,60.85,88,100,6.91
42,Rikitea,PF,2022-09-19 03:20:38,-23.1203,-134.9692,72.32,76,27,18.52
43,Bluff,NZ,2022-09-19 03:20:38,-46.6,168.3333,54.23,72,100,4.97
44,Wajima,JP,2022-09-19 03:20:38,37.4,136.9,90.28,66,0,6.91
45,Smithers,CA,2022-09-19 03:16:02,54.7804,-127.1743,52.12,62,20,2.3
46,Yellowknife,CA,2022-09-19 03:21:39,62.456,-114.3525,48.72,87,75,4.61
47,Puerto Ayora,EC,2022-09-19 03:21:39,-0.7393,-90.3518,67.55,89,11,3.0
48,Carnarvon,AU,2022-09-19 03:21:40,-24.8667,113.6333,65.52,54,99,27.87
49,Atar,MR,2022-09-19 03:21:40,20.5169,-13.0499,85.23,31,100,6.42
50,Rocha,UY,2022-09-19 03:21:40,-34.4833,-54.3333,56.77,82,100,14.83
51,Bathsheba,BB,2022-09-19 03:21:41,13.2167,-59.5167,83.01,78,20,16.11
52,Hobart,AU,2022-09-19 03:20:44,-42.8794,147.3294,60.06,56,75,10.36
53,Puerto Padre,CU,2022-09-19 03:21:41,21.195,-76.6028,78.8,79,4,8.14
54,Nouadhibou,MR,2022-09-19 03:21:41,20.931,-17.0347,73.09,83,0,19.75
55,Meulaboh,ID,2022-09-19 03:21:41,4.1363,96.1285,82.42,67,96,2.37
56,Teguise,ES,2022-09-19 03:21:42,29.0605,-13.564,70.02,83,100,2.3
57,Butaritari,KI,2022-09-19 03:21:42,3.0707,172.7902,82.33,73,13,19.62
58,Mataura,NZ,2022-09-19 03:21:42,-46.1927,168.8643,61.0,58,100,6.13
59,Hilo,US,2022-09-19 03:21:43,19.7297,-155.09,80.28,87,100,1.99
60,Anloga,GH,2022-09-19 03:21:43,5.7947,0.8973,74.8,94,100,16.24
61,Beni Mazar,EG,2022-09-19 03:21:43,28.4962,30.8029,72.48,70,0,7.34
62,Santa Rosa,PH,2022-09-19 03:21:44,14.3122,121.1114,81.01,90,100,10.89
63,Grindavik,IS,2022-09-19 03:21:44,63.8424,-22.4338,49.95,93,100,31.07
64,Chokurdakh,RU,2022-09-19 03:21:44,70.6333,147.9167,44.24,43,64,13.49
65,Mulege,MX,2022-09-19 03:21:20,26.8833,-111.9833,85.42,64,1,1.57
66,Codrington,AU,2022-09-19 03:21:45,-38.2667,141.9667,56.52,74,57,11.86
67,Suleja,NG,2022-09-19 03:21:45,9.1758,7.1808,72.59,99,100,2.75
68,Banda Aceh,ID,2022-09-19 03:21:46,5.5577,95.3222,85.24,62,90,11.81
69,Geraldton,AU,2022-09-19 03:21:46,-28.7667,114.6,63.01,63,75,24.16
70,Talnakh,RU,2022-09-19 03:21:46,69.4865,88.3972,36.21,100,100,2.13
71,Bethel,US,2022-09-19 03:21:47,41.3712,-73.414,74.64,77,0,5.75
72,Saiha,IN,2022-09-19 03:21:47,22.4833,92.9667,82.98,63,75,0.69
73,Ilulissat,GL,2022-09-19 03:21:47,69.2167,-51.1,37.42,100,100,6.91
74,Sao Filipe,CV,2022-09-19 03:21:48,14.8961,-24.4956,77.92,77,58,6.04
75,Baghdad,IQ,2022-09-19 03:19:55,33.3406,44.4009,71.51,43,0,3.44
76,Axim,GH,2022-09-19 03:21:48,4.8699,-2.2405,74.39,93,90,8.41
77,Darhan,MN,2022-09-19 03:17:30,49.4867,105.9228,52.38,43,0,13.33
78,Crotone,IT,2022-09-19 03:21:48,39.0851,17.1178,63.19,50,4,2.93
79,Turukhansk,RU,2022-09-19 03:21:49,65.8167,87.9833,45.16,94,100,15.48
80,Shubarkuduk,KZ,2022-09-19 03:21:49,49.1447,56.4872,65.05,30,0,7.36
81,Pathein,MM,2022-09-19 03:21:49,16.7833,94.7333,79.34,89,100,4.5
82,Labuhan,ID,2022-09-19 03:21:50,-6.8844,112.2051,88.79,49,63,5.17
83,Tuatapere,NZ,2022-09-19 03:21:50,-46.1333,167.6833,58.78,65,99,4.97
84,Saint George,US,2022-09-19 03:21:50,37.1041,-113.5841,82.94,23,0,4.0
85,Jamestown,US,2022-09-19 03:21:51,42.097,-79.2353,69.71,71,0,6.91
86,Kilindoni,TZ,2022-09-19 03:21:51,-7.9139,39.6668,75.97,76,47,12.97
87,Chuy,UY,2022-09-19 03:21:51,-33.6971,-53.4616,57.58,88,100,10.8
88,Kaitangata,NZ,2022-09-19 03:21:52,-46.2817,169.8464,58.48,60,100,3.15
89,Longyearbyen,SJ,2022-09-19 03:21:52,78.2186,15.6401,26.44,80,40,6.91
90,Balkanabat,TM,2022-09-19 03:21:52,39.5108,54.3671,78.76,21,0,8.88
91,Kaabong,UG,2022-09-19 03:21:52,3.4836,34.1492,62.24,70,64,7.83
92,Damietta,EG,2022-09-19 03:21:53,31.4165,31.8133,74.43,65,1,6.2
93,Saint-Joseph,RE,2022-09-19 03:21:53,-21.3667,55.6167,70.18,78,34,13.51
94,Ketchikan,US,2022-09-19 03:22:53,55.3422,-131.6461,57.67,67,0,9.22
95,Russell,US,2022-09-19 03:22:54,32.3502,-85.1999,74.8,94,0,0.0
96,Vaini,TO,2022-09-19 03:22:54,-21.2,-175.2,74.26,79,99,22.55
97,Port Alfred,ZA,2022-09-19 03:22:54,-33.5906,26.891,53.19,95,100,5.01
98,Hermanus,ZA,2022-09-19 03:22:54,-34.4187,19.2345,49.8,72,95,8.61
99,Lebu,CL,2022-09-19 03:22:55,-37.6167,-73.65,43.09,77,1,5.59
100,Saint-Philippe,RE,2022-09-19 03:22:55,-21.3585,55.7679,71.19,83,62,13.96
101,Abu Dhabi,AE,2022-09-19 03:22:20,24.4667,54.3667,86.02,72,0,4.61
102,Bonthe,SL,2022-09-19 03:22:56,7.5264,-12.505,74.17,89,80,4.63
103,Kodiak,US,2022-09-19 03:22:56,57.79,-152.4072,60.31,72,100,10.36
104,Esperance,AU,2022-09-19 03:22:56,-33.8667,121.9,61.7,67,2,9.31
105,Cabo San Lucas,MX,2022-09-19 03:22:57,22.8909,-109.9124,85.51,73,100,9.01
106,Fort Nelson,CA,2022-09-19 03:22:57,58.8053,-122.7002,51.39,71,75,4.61
107,Naco,MX,2022-09-19 03:22:57,31.3347,-109.9483,78.96,43,17,2.84
108,Portadown,GB,2022-09-19 03:22:58,54.4241,-6.4412,57.02,91,88,3.04
109,Skibbereen,IE,2022-09-19 03:22:58,51.55,-9.2667,49.41,87,8,2.73
110,Isangel,VU,2022-09-19 03:22:58,-19.55,169.2667,84.31,65,75,9.22
111,North Bend,US,2022-09-19 03:22:59,43.4065,-124.2243,62.51,83,0,8.05
112,Zhezkazgan,KZ,2022-09-19 03:22:59,47.8043,67.7144,53.58,30,0,15.66
113,Mar Del Plata,AR,2022-09-19 03:21:12,-38.0023,-57.5575,57.09,97,100,17.0
114,Pak Phanang,TH,2022-09-19 03:22:59,8.3511,100.202,91.42,62,100,4.52
115,Las Choapas,MX,2022-09-19 03:23:00,17.9333,-94.0833,75.63,94,94,3.91
116,Nazarovo,RU,2022-09-19 03:23:00,56.0064,90.3914,49.82,59,91,8.57
117,Jiangyin,CN,2022-09-19 03:23:00,31.9282,120.3126,81.99,46,0,16.13
118,Launceston,AU,2022-09-19 03:23:00,-41.45,147.1667,62.62,49,40,6.91
119,Emerald,AU,2022-09-19 03:23:01,-23.5333,148.1667,85.33,39,0,6.4
120,Klaksvik,FO,2022-09-19 03:23:01,62.2266,-6.589,45.52,72,43,11.01
121,Puerto Madryn,AR,2022-09-19 03:23:01,-42.7692,-65.0385,43.3,78,100,17.92
122,Diamantino,BR,2022-09-19 03:23:02,-14.4086,-56.4461,84.27,45,86,4.65
123,Cape Town,ZA,2022-09-19 03:23:02,-33.9258,18.4232,54.1,76,20,5.75
124,Port Blair,IN,2022-09-19 03:23:02,11.6667,92.75,83.97,75,73,16.42
125,Chissamba,AO,2022-09-19 03:23:03,-12.1667,17.3333,63.99,71,82,4.38
126,Nanortalik,GL,2022-09-19 03:23:03,60.1432,-45.2371,45.05,80,98,11.21
127,Cabcab,PH,2022-09-19 03:23:04,13.6268,124.0515,84.74,72,100,10.54
128,Kupang,ID,2022-09-19 03:23:04,-10.1667,123.5833,93.78,43,20,13.8
129,Lagoa,PT,2022-09-19 03:23:04,39.05,-27.9833,72.73,88,6,8.19
130,Scotts Valley,US,2022-09-19 03:23:05,37.0511,-122.0147,63.27,86,98,11.99
131,Nacala,MZ,2022-09-19 03:23:05,-14.5428,40.6728,70.34,88,0,5.28
132,Lazaro Cardenas,MX,2022-09-19 03:23:06,17.9583,-102.2,75.42,97,100,3.09
133,Caravelas,BR,2022-09-19 03:23:06,-17.7125,-39.2481,68.23,78,10,5.03
134,Bengkulu,ID,2022-09-19 03:23:06,-3.8004,102.2655,79.66,78,100,3.2
135,Lompoc,US,2022-09-19 03:20:11,34.6391,-120.4579,67.01,75,100,10.36
136,Leningradskiy,RU,2022-09-19 03:23:07,69.3833,178.4167,33.44,98,100,21.61
137,San Juan De Uraba,CO,2022-09-19 03:23:07,8.7592,-76.5297,75.69,89,99,7.36
138,Tabas,IR,2022-09-19 03:24:08,33.5959,56.9244,71.82,28,0,4.61
139,Hanmer Springs,NZ,2022-09-19 03:24:08,-42.5167,172.8167,59.59,52,37,10.0
140,Ancud,CL,2022-09-19 03:24:08,-41.8697,-73.8203,42.22,91,48,5.86
141,Padang,ID,2022-09-19 03:21:22,-0.9492,100.3543,82.45,75,98,1.45
142,Alice Springs,AU,2022-09-19 03:24:09,-23.7,133.8833,90.95,17,58,20.71
143,Tessalit,ML,2022-09-19 03:24:09,20.1986,1.0114,89.06,32,82,7.61
144,Hervey Bay,AU,2022-09-19 03:24:09,-25.2986,152.8535,71.42,73,0,11.03
145,Barrow,US,2022-09-19 03:20:20,71.2906,-156.7887,46.42,76,75,8.05
146,Raudeberg,NO,2022-09-19 03:24:10,61.9875,5.1352,47.07,67,27,20.24
147,Castro,BR,2022-09-19 03:24:10,-24.7911,-50.0119,48.69,97,11,7.67
148,Sumenep,ID,2022-09-19 03:24:10,-7.0167,113.8667,86.83,57,27,7.36
149,Clyde River,CA,2022-09-19 03:24:10,70.4692,-68.5914,35.83,100,100,13.8
150,Waingapu,ID,2022-09-19 03:24:12,-9.6567,120.2641,86.81,62,9,10.63
151,Sitka,US,2022-09-19 03:24:12,57.0531,-135.33,57.09,62,75,9.22
152,Hambantota,LK,2022-09-19 03:24:12,6.1241,81.1185,83.19,71,64,16.93
153,Narsaq,GL,2022-09-19 03:24:13,60.9167,-46.05,57.42,72,91,3.0
154,Komsomolskiy,UZ,2022-09-19 03:24:13,40.4272,71.7189,72.32,33,0,6.91
155,Norman Wells,CA,2022-09-19 03:24:13,65.282,-126.8329,48.24,71,75,3.44
156,Keti Bandar,PK,2022-09-19 03:24:14,24.1447,67.4497,82.36,68,0,10.74
157,Riberalta,BO,2022-09-19 03:24:14,-10.9833,-66.1,79.07,61,11,2.98
158,Andenes,NO,2022-09-19 03:24:14,69.3143,16.1194,44.92,93,75,26.46
159,Antofagasta,CL,2022-09-19 03:19:53,-23.65,-70.4,56.48,68,4,8.66
160,Nova Olimpia,BR,2022-09-19 03:24:15,-14.7972,-57.2881,84.85,46,47,5.59
161,Izumo,JP,2022-09-19 03:24:15,35.3667,132.7667,82.35,94,75,18.41
162,Ust-Ilimsk,RU,2022-09-19 03:24:16,58.0006,102.6619,50.31,76,85,6.22
163,Gazanjyk,TM,2022-09-19 03:24:16,39.2446,55.5154,71.01,27,0,9.69
164,Palmer,US,2022-09-19 03:24:16,42.1584,-72.3287,70.97,85,75,0.0
165,Price,US,2022-09-19 03:24:17,39.5994,-110.8107,66.11,29,0,6.91
166,Namibe,AO,2022-09-19 03:24:17,-15.1961,12.1522,61.5,82,97,5.93
167,Pemba,MZ,2022-09-19 03:24:17,-12.974,40.5178,72.3,94,20,5.75
168,Pontianak,ID,2022-09-19 03:24:18,-0.0333,109.3333,78.78,89,40,4.61
169,Puerto Escondido,MX,2022-09-19 03:24:18,15.85,-97.0667,76.03,60,100,5.75
170,Deputatskiy,RU,2022-09-19 03:24:18,69.3,139.9,33.94,69,100,4.72
171,Mogzon,RU,2022-09-19 03:24:19,51.7435,111.9606,48.0,42,10,9.24
172,Tuktoyaktuk,CA,2022-09-19 03:24:19,69.4541,-133.0374,48.2,76,75,8.05
173,Vincennes,FR,2022-09-19 03:24:11,48.85,2.4333,52.9,83,20,4.61
174,Inuvik,CA,2022-09-19 03:24:20,68.3499,-133.7218,50.86,66,75,4.61
175,San Patricio,US,2022-09-19 03:24:20,28.017,-97.5169,84.88,73,1,9.69
176,Rjukan,NO,2022-09-19 03:22:15,59.8789,8.5941,40.05,78,93,4.9
177,Aden,YE,2022-09-19 03:24:20,12.7794,45.0367,87.22,70,39,6.51
178,Burnie,AU,2022-09-19 03:24:21,-41.0667,145.9167,55.94,51,10,9.91
179,Coquimbo,CL,2022-09-19 03:23:17,-29.9533,-71.3436,51.53,87,0,0.0
180,Paita,PE,2022-09-19 03:24:21,-5.0892,-81.1144,64.27,88,3,12.46
181,Margate,GB,2022-09-19 03:24:21,51.3813,1.3862,54.7,73,85,5.01
182,Marshfield,US,2022-09-19 03:24:22,44.6689,-90.1718,63.55,94,0,8.05
183,Hasaki,JP,2022-09-19 03:24:22,35.7333,140.8333,90.28,84,82,20.85
184,Iqaluit,CA,2022-09-19 03:25:23,63.7506,-68.5145,42.53,81,75,2.3
185,Cherskiy,RU,2022-09-19 03:25:23,68.75,161.3,37.53,53,92,4.92
186,Buchanan,LR,2022-09-19 03:22:42,5.8808,-10.0467,75.56,87,99,6.87
187,Nyaunglebin,MM,2022-09-19 03:25:24,17.95,96.7333,77.47,93,100,7.27
188,Katobu,ID,2022-09-19 03:25:24,-4.9408,122.5276,86.58,59,93,5.79
189,Tasiilaq,GL,2022-09-19 03:25:24,65.6145,-37.6368,46.56,97,100,6.29
190,Quata,BR,2022-09-19 03:25:25,-22.2475,-50.6983,64.29,53,0,12.75
191,Uarini,BR,2022-09-19 03:25:25,-2.99,-65.1083,74.93,89,99,2.15
192,Poplar Bluff,US,2022-09-19 03:25:25,36.757,-90.3929,74.98,85,0,0.0
193,Alberdi,AR,2022-09-19 03:25:26,-32.8899,-60.6906,57.04,97,69,1.99
194,Rio Grande,BR,2022-09-19 03:25:26,-32.035,-52.0986,59.95,81,100,17.11
195,Romitan,UZ,2022-09-19 03:25:26,39.9343,64.3814,64.35,52,0,6.91
196,Kutum,SD,2022-09-19 03:25:26,14.2,24.6667,75.94,52,19,6.49
197,Necochea,AR,2022-09-19 03:25:27,-38.5473,-58.7368,51.67,93,100,12.37
198,Kalabo,ZM,2022-09-19 03:25:27,-14.97,22.6814,66.47,51,12,5.95
199,Bilma,NE,2022-09-19 03:25:27,18.6853,12.9164,86.86,37,14,3.31
200,Ginir,ET,2022-09-19 03:25:28,7.1333,40.7,57.83,73,44,5.19
201,Upernavik,GL,2022-09-19 03:25:28,72.7868,-56.1549,35.92,73,100,1.99
202,Rumonge,BI,2022-09-19 03:25:29,-3.9736,29.4386,75.78,65,100,1.7
203,Inhambane,MZ,2022-09-19 03:25:29,-23.865,35.3833,73.38,94,20,13.8
204,Dikson,RU,2022-09-19 03:25:29,73.5069,80.5464,31.03,77,48,15.46
205,Hithadhoo,MV,2022-09-19 03:25:29,-0.6,73.0833,81.91,73,99,7.81
206,Ternate,ID,2022-09-19 03:25:30,0.8,127.4,86.36,59,17,1.81
207,Kysyl-Syr,RU,2022-09-19 03:25:30,63.8986,122.7617,38.3,53,64,8.03
208,Kiama,AU,2022-09-19 03:24:26,-34.6833,150.8667,70.25,33,96,11.68
209,Ziyang,CN,2022-09-19 03:25:30,29.2497,117.8547,89.19,37,4,6.35
210,Kabalo,CD,2022-09-19 03:25:31,-6.05,26.9167,69.37,94,99,0.72
211,Rome,US,2022-09-19 03:25:31,34.257,-85.1647,69.01,88,0,0.0
212,Kabanjahe,ID,2022-09-19 03:25:31,3.1001,98.4908,73.13,58,100,1.79
213,Severo-Kurilsk,RU,2022-09-19 03:23:58,50.6789,156.125,52.38,96,99,20.47
214,Southbridge,US,2022-09-19 03:25:32,42.0751,-72.0334,70.16,93,100,1.99
215,Chake Chake,TZ,2022-09-19 03:25:32,-5.2459,39.7666,73.44,86,14,8.61
216,Sabha,LY,2022-09-19 03:25:32,27.0377,14.4283,80.67,15,0,11.7
217,Westport,US,2022-09-19 03:25:32,41.1415,-73.3579,75.9,81,0,7.0
218,Alpena,US,2022-09-19 03:23:22,45.0617,-83.4327,73.72,85,75,5.75
219,Georgetown,MY,2022-09-19 03:21:17,5.4112,100.3354,87.73,70,20,5.75
220,Ramona,US,2022-09-19 03:25:33,33.0417,-116.8681,66.16,79,0,4.61
221,Sakakah,SA,2022-09-19 03:20:51,29.9697,40.2064,76.57,21,0,3.0
222,East London,ZA,2022-09-19 03:25:33,-33.0153,27.9116,56.34,94,20,11.5
223,Los Llanos De Aridane,ES,2022-09-19 03:25:33,28.6585,-17.9182,67.75,86,0,4.61
224,Harper,LR,2022-09-19 03:25:34,4.375,-7.7169,75.9,86,76,6.4
225,Laguna,US,2022-09-19 03:25:34,38.421,-121.4238,65.91,82,75,12.66
226,Xining,CN,2022-09-19 03:25:34,36.6167,101.7667,55.47,87,100,2.3
227,Lloydminster,CA,2022-09-19 03:25:35,53.2835,-110.0016,50.22,81,0,2.3
228,Byron Bay,AU,2022-09-19 03:25:35,-28.65,153.6167,80.71,37,1,5.7
229,Ponta Delgada,PT,2022-09-19 03:25:35,37.7333,-25.6667,72.32,83,20,4.61
230,Sur,OM,2022-09-19 03:25:36,22.5667,59.5289,81.68,73,0,9.24
231,Vila Do Maio,CV,2022-09-19 03:25:36,15.1333,-23.2167,77.79,69,98,9.22
232,Faya,SA,2022-09-19 03:26:36,18.3851,42.4509,66.31,63,62,2.66
233,Provideniya,RU,2022-09-19 03:26:36,64.3833,-173.3,42.91,100,100,8.99
234,Goundam,ML,2022-09-19 03:26:37,16.4145,-3.6708,81.1,57,100,8.81
235,Saint-Pierre,RE,2022-09-19 03:26:37,-21.3393,55.4781,71.28,68,0,12.66
236,Llanes,ES,2022-09-19 03:26:37,43.4198,-4.7549,64.06,64,79,4.45
237,Manggar,ID,2022-09-19 03:25:41,-2.8833,108.2667,79.74,81,100,9.55
238,Bonfim,BR,2022-09-19 03:26:38,3.0833,-59.95,78.93,72,66,3.11
239,Jasper,US,2022-09-19 03:26:38,37.2001,-94.3502,84.02,62,0,8.05
240,Sao Raimundo Das Mangabeiras,BR,2022-09-19 03:26:38,-7.0219,-45.4811,81.64,38,31,2.73
241,Bintulu,MY,2022-09-19 03:26:39,3.1667,113.0333,77.41,94,40,5.75
242,Terrace,CA,2022-09-19 03:26:39,54.5163,-128.6035,58.91,62,0,4.61
243,Katsuura,JP,2022-09-19 03:26:39,35.1333,140.3,81.82,86,94,20.69
244,Kropotkin,RU,2022-09-19 03:26:39,45.4375,40.5756,66.36,70,37,15.17
245,Chipata,ZM,2022-09-19 03:26:40,-13.6333,32.65,64.6,47,3,7.78
246,Markova,UA,2022-09-19 03:26:40,48.6758,24.4138,41.56,85,47,5.91
247,Tuckahoe,US,2022-09-19 03:25:24,37.5901,-77.5564,70.07,85,0,0.0
248,Avera,US,2022-09-19 03:26:40,33.194,-82.5271,71.11,75,4,7.16
249,Jalu,LY,2022-09-19 03:26:41,29.0331,21.5482,77.68,41,0,6.71
250,Flinders,AU,2022-09-19 03:26:41,-34.5833,150.8552,70.05,34,96,11.7
251,Elizabethtown,US,2022-09-19 03:25:32,37.694,-85.8591,72.0,79,0,0.0
252,Moa,CU,2022-09-19 03:26:41,20.6569,-74.9403,80.13,86,22,10.83
253,Beringovskiy,RU,2022-09-19 03:26:42,63.05,179.3167,40.32,77,100,14.2
254,Salalah,OM,2022-09-19 03:26:42,17.0151,54.0924,78.89,83,75,4.61
255,Saldanha,ZA,2022-09-19 03:26:42,-33.0117,17.9442,53.65,67,1,22.06
256,Varca,IN,2022-09-19 03:26:43,15.2167,73.9167,78.8,89,40,2.3
257,Nau,TJ,2022-09-19 03:26:43,40.1525,69.3686,72.19,23,2,1.99
258,Rawson,AR,2022-09-19 03:26:43,-43.3002,-65.1023,44.31,71,100,15.48
259,Milkovo,RU,2022-09-19 03:26:43,54.7167,158.6167,55.92,37,100,1.61
260,Burlington,US,2022-09-19 03:25:41,39.8835,-74.6413,73.94,77,0,3.44
261,Porto Calvo,BR,2022-09-19 03:26:44,-9.045,-35.3983,69.82,87,6,3.18
262,Am Timan,TD,2022-09-19 03:26:44,11.0297,20.2827,70.29,96,30,2.19
263,Sayyan,YE,2022-09-19 03:26:44,15.1718,44.3244,62.6,49,45,3.24
264,Torbay,CA,2022-09-19 03:26:45,47.6666,-52.7314,50.76,78,0,11.5
265,Saint Anthony,US,2022-09-19 03:26:45,45.0205,-93.218,62.22,91,0,3.44
266,Faanui,PF,2022-09-19 03:26:45,-16.4833,-151.75,78.67,73,8,18.25
267,Lakes Entrance,AU,2022-09-19 03:26:46,-37.8811,147.981,63.16,49,9,12.12
268,Sol-Iletsk,RU,2022-09-19 03:26:46,51.1631,54.9918,63.66,49,100,7.76
269,Quang Ngai,VN,2022-09-19 03:26:46,15.1167,108.8,84.18,72,99,4.43
270,Hofn,IS,2022-09-19 03:26:47,64.2539,-15.2082,44.6,74,61,7.61
271,Pacific Grove,US,2022-09-19 03:26:47,36.6177,-121.9166,65.07,87,67,13.0
272,Bykov,RU,2022-09-19 03:26:47,47.3167,142.55,66.99,78,100,12.41
273,Lebyazhye,RU,2022-09-19 03:27:48,55.2689,66.4947,59.88,35,100,7.9
274,Sulphur Springs,US,2022-09-19 03:27:48,33.1385,-95.6011,80.55,61,0,5.75
275,Mount Darwin,ZW,2022-09-19 03:27:48,-16.7725,31.5838,58.89,50,0,2.15
276,Mehamn,NO,2022-09-19 03:27:49,71.0357,27.8492,44.55,93,75,18.41
277,Kushiro,JP,2022-09-19 03:27:49,42.975,144.3747,68.95,88,75,5.75
278,Pangnirtung,CA,2022-09-19 03:27:49,66.1451,-65.7125,42.39,64,93,1.01
279,Jiexiu,CN,2022-09-19 03:27:49,37.0244,111.9125,76.26,47,92,1.14
280,Zhigansk,RU,2022-09-19 03:27:50,66.7697,123.3711,36.21,65,97,9.86
281,Pevek,RU,2022-09-19 03:27:50,69.7008,170.3133,32.56,93,100,16.04
282,Dombarovskiy,RU,2022-09-19 03:27:50,50.7587,59.5386,62.82,24,5,7.94
283,Lapua,FI,2022-09-19 03:27:50,62.9693,23.0088,49.21,98,100,6.04
284,Hvide Sande,DK,2022-09-19 03:27:51,56.0045,8.1294,57.13,70,9,11.54
285,Monrovia,LR,2022-09-19 03:22:58,6.3005,-10.7969,74.97,83,88,7.23
286,Shingu,JP,2022-09-19 03:27:51,33.7333,135.9833,79.83,93,100,20.78
287,Vanimo,PG,2022-09-19 03:27:51,-2.6741,141.3028,86.07,65,19,5.75
288,Rodney,CA,2022-09-19 03:27:52,42.5668,-81.6831,69.66,69,13,11.18
289,Kattivakkam,IN,2022-09-19 03:27:52,13.2167,80.3167,86.09,68,100,11.41
290,Stolin,BY,2022-09-19 03:27:52,51.8912,26.846,47.17,94,100,15.61
291,Sulechow,PL,2022-09-19 03:27:53,52.0836,15.6251,46.65,74,100,5.75
292,Hokitika,NZ,2022-09-19 03:27:53,-42.7167,170.9667,56.59,85,47,5.79
293,Shenzhen,CN,2022-09-19 03:27:53,22.5455,114.0683,92.14,79,27,5.17
294,Mahebourg,MU,2022-09-19 03:24:21,-20.4081,57.7,72.25,94,75,10.36
295,Ahipara,NZ,2022-09-19 03:27:54,-35.1667,173.1667,61.72,92,100,14.27
296,Bandarbeyla,SO,2022-09-19 03:27:54,9.4942,50.8122,76.48,84,61,19.89
297,Port Lincoln,AU,2022-09-19 03:25:40,-34.7333,135.8667,59.76,62,1,9.75
298,Nelson Bay,AU,2022-09-19 03:27:55,-32.7167,152.15,73.0,42,100,11.01
299,Balkhash,KZ,2022-09-19 03:27:55,46.844,74.9804,59.61,33,0,20.13
300,Ponta Do Sol,PT,2022-09-19 03:27:55,32.6667,-17.1,73.0,85,50,5.3
301,Anchorage,US,2022-09-19 03:27:01,61.2181,-149.9003,54.99,67,100,7.0
302,Uglich,RU,2022-09-19 03:27:55,57.5275,38.3317,53.33,97,100,13.33
303,Kankan,GN,2022-09-19 03:27:56,10.3854,-9.3057,68.54,98,62,5.14
304,Tafalla,ES,2022-09-19 03:27:56,42.5269,-1.6745,58.08,46,32,5.26
305,Chernyshevskiy,RU,2022-09-19 03:27:56,63.0128,112.4714,37.74,97,100,7.14
306,Henties Bay,NA,2022-09-19 03:27:57,-22.116,14.2845,52.86,82,0,17.18
307,Thompson,CA,2022-09-19 03:27:57,55.7435,-97.8558,53.76,100,100,3.44
308,Mandan,US,2022-09-19 03:27:58,46.8267,-100.8896,71.96,55,20,6.91
309,Ribeira Grande,PT,2022-09-19 03:27:58,38.5167,-28.7,73.9,89,14,2.91
310,Sorong,ID,2022-09-19 03:27:58,-0.8833,131.25,82.81,74,100,4.27
311,Iranshahr,IR,2022-09-19 03:27:58,27.2025,60.6848,86.34,42,0,4.61
312,Namuac,PH,2022-09-19 03:27:59,18.6109,121.1657,87.35,61,78,3.8
313,Nuuk,GL,2022-09-19 03:28:59,64.1835,-51.7216,48.81,81,100,4.61
314,Villa Carlos Paz,AR,2022-09-19 03:28:59,-31.4241,-64.4978,51.89,49,45,5.99
315,Cidreira,BR,2022-09-19 03:29:00,-30.1811,-50.2056,62.42,78,100,22.35
316,Nidzica,PL,2022-09-19 03:29:00,53.3605,20.4275,47.79,91,100,9.78
317,Kahului,US,2022-09-19 03:29:00,20.8947,-156.47,86.02,66,0,19.57
318,Manado,ID,2022-09-19 03:29:00,1.487,124.8455,90.37,62,40,3.44
319,Daru,PG,2022-09-19 03:29:01,-9.0763,143.2092,83.73,76,98,12.12
320,Kolyubakino,RU,2022-09-19 03:29:01,55.668,36.5323,55.58,90,83,14.16
321,Hay River,CA,2022-09-19 03:29:02,60.8156,-115.7999,53.58,87,75,8.05
322,Luderitz,NA,2022-09-19 03:29:02,-26.6481,15.1594,52.47,80,48,11.05
323,Saskylakh,RU,2022-09-19 03:29:02,71.9167,114.0833,34.63,84,100,10.49
324,Soderhamn,SE,2022-09-19 03:29:03,61.3037,17.0592,50.95,86,100,10.96
325,Ugoofaaru,MV,2022-09-19 03:29:03,5.6667,73.0,81.88,73,100,7.61
326,Baykit,RU,2022-09-19 03:29:03,61.67,96.37,49.14,87,100,6.13
327,Bulungu,CD,2022-09-19 03:29:04,-4.55,18.6,68.16,94,91,1.1
328,Tevaitoa,PF,2022-09-19 03:29:04,-16.7833,-151.5,78.37,75,4,18.34
329,Cockburn Town,TC,2022-09-19 03:29:04,21.4612,-71.1419,83.17,77,33,20.04
330,Puerto Narino,CO,2022-09-19 03:29:05,-3.7703,-70.3831,78.78,68,100,2.68
331,Elizabeth City,US,2022-09-19 03:29:05,36.2946,-76.2511,74.01,91,0,4.61
332,Mizdah,LY,2022-09-19 03:29:05,31.4451,12.9801,70.21,74,0,4.45
333,Carballo,ES,2022-09-19 03:29:05,43.213,-8.691,63.91,77,100,3.65
334,Imbituba,BR,2022-09-19 03:29:06,-28.24,-48.6703,58.08,89,100,10.13
335,Asau,RO,2022-09-19 03:29:06,46.4333,26.4,47.32,77,19,8.19
336,Poum,NC,2022-09-19 03:29:07,-20.2333,164.0167,77.56,73,0,13.73
337,Anadyr,RU,2022-09-19 03:29:07,64.75,177.4833,43.3,86,75,8.95
338,Lavrentiya,RU,2022-09-19 03:29:07,65.5833,-171.0,39.45,80,100,12.15
339,Sterling,US,2022-09-19 03:28:30,39.0062,-77.4286,74.79,76,40,3.44
340,Praia Da Vitoria,PT,2022-09-19 03:29:08,38.7333,-27.0667,73.65,94,40,8.08
341,Sorland,NO,2022-09-19 03:29:08,67.667,12.6934,48.06,74,100,30.96
342,Esil,KZ,2022-09-19 03:29:08,51.9556,66.4042,57.06,30,19,6.08
343,Santa Cruz De La Palma,ES,2022-09-19 03:29:09,28.6835,-17.7642,71.74,78,0,4.61
344,Haines Junction,CA,2022-09-19 03:29:09,60.7522,-137.5108,51.75,50,54,5.75
345,Olafsvik,IS,2022-09-19 03:29:09,64.8945,-23.7142,49.23,93,100,14.25
346,Egvekinot,RU,2022-09-19 03:29:10,66.3167,-179.1667,35.64,94,100,2.62
347,Nikolskoye,RU,2022-09-19 03:25:28,59.7035,30.7861,50.79,96,100,4.79
348,Baoro,CF,2022-09-19 03:29:10,5.6667,15.9667,67.17,98,100,1.63
349,Waipawa,NZ,2022-09-19 03:29:10,-41.4122,175.5153,56.52,75,100,9.28
350,Te Anau,NZ,2022-09-19 03:29:11,-45.4167,167.7167,55.99,72,50,5.66
351,Whitehorse,CA,2022-09-19 03:24:18,60.7161,-135.0538,50.77,56,20,3.44
352,Palafrugell,ES,2022-09-19 03:28:24,41.9174,3.1631,59.72,76,35,4.25
353,Backo Petrovo Selo,RS,2022-09-19 03:29:11,45.7081,20.0753,52.25,67,100,5.93
354,San Rafael,AR,2022-09-19 03:29:11,-34.6177,-68.3301,43.97,76,86,10.31
355,Sutton Coldfield,GB,2022-09-19 03:29:12,52.5667,-1.8167,52.43,92,75,1.14
356,Chornukhy,UA,2022-09-19 03:29:12,50.2673,32.942,49.89,82,99,19.24
357,Koumac,NC,2022-09-19 03:29:13,-20.5667,164.2833,80.64,64,0,6.29
358,Nouakchott,MR,2022-09-19 03:29:13,18.0858,-15.9785,78.73,72,67,17.45
359,Chapais,CA,2022-09-19 03:29:13,49.7834,-74.8492,42.58,64,45,5.53
360,Makakilo City,US,2022-09-19 03:27:30,21.3469,-158.0858,84.56,61,40,14.97
361,Camacha,PT,2022-09-19 03:30:14,33.0833,-16.3333,67.42,88,75,10.36
362,Coos Bay,US,2022-09-19 03:26:23,43.3665,-124.2179,62.58,83,0,8.05
363,Ust-Kut,RU,2022-09-19 03:30:14,56.7938,105.7672,50.2,76,100,6.02
364,Alofi,NU,2022-09-19 03:30:14,-19.0595,-169.9187,80.49,74,7,17.27
365,Northam,GB,2022-09-19 03:30:15,51.0333,-4.2167,50.88,83,0,2.04
366,Kompaniyivka,UA,2022-09-19 03:30:15,48.2511,32.208,48.83,74,26,14.67
367,Alyangula,AU,2022-09-19 03:30:15,-13.8483,136.4192,84.97,68,55,14.5
368,Tiksi,RU,2022-09-19 03:30:16,71.6872,128.8694,37.06,56,76,4.52
369,Guaruja,BR,2022-09-19 03:30:16,-23.9931,-46.2564,65.89,26,2,6.38
370,Batsfjord,NO,2022-09-19 03:30:16,70.6345,29.7185,44.53,100,100,19.57
371,Yashkul,RU,2022-09-19 03:30:17,46.1711,45.3435,73.15,69,26,11.88
372,Oussouye,SN,2022-09-19 03:30:17,12.485,-16.5469,78.89,89,97,3.58
373,Desdunes,HT,2022-09-19 03:30:18,19.2955,-72.646,78.31,81,27,7.49
374,Oranzherei,RU,2022-09-19 03:30:20,45.8476,47.5663,73.51,65,0,19.24
375,Maua,BR,2022-09-19 03:27:12,-23.6678,-46.4614,59.36,85,88,4.18
376,Luba,GQ,2022-09-19 03:30:20,3.4568,8.5547,73.29,88,100,10.29
377,Las Vegas,US,2022-09-19 03:26:29,36.175,-115.1372,87.24,15,0,18.41
378,Urusha,RU,2022-09-19 03:30:21,54.05,122.9,42.03,33,6,15.1
379,Sesheke,ZM,2022-09-19 03:30:21,-17.4759,24.2968,68.16,36,0,5.86
380,Guilin,CN,2022-09-19 03:30:22,25.2819,110.2864,93.31,30,13,9.15
381,Osoyoos,CA,2022-09-19 03:30:23,49.0331,-119.4524,63.01,48,35,4.61
382,Vaijapur,IN,2022-09-19 03:30:23,19.9167,74.7333,73.18,85,95,13.85
383,Campoverde,PE,2022-09-19 03:30:24,-8.4753,-74.8058,80.29,65,88,2.53
384,Ucluelet,CA,2022-09-19 03:30:24,48.9329,-125.5528,59.09,79,8,3.2
385,Esna,EG,2022-09-19 03:30:24,25.2934,32.554,77.58,26,0,5.64
386,Constitucion,CL,2022-09-19 03:30:25,-35.3333,-72.4167,44.13,77,6,8.55
387,Aklavik,CA,2022-09-19 03:30:25,68.2191,-135.0107,47.46,69,97,6.15
388,Cayenne,GF,2022-09-19 03:30:05,4.9333,-52.3333,78.84,89,100,0.0
389,Carauari,BR,2022-09-19 03:30:26,-4.8828,-66.8958,74.91,89,79,2.64
390,Warrnambool,AU,2022-09-19 03:28:37,-38.3833,142.4833,55.42,72,41,13.69
391,Ferme-Neuve,CA,2022-09-19 03:30:26,46.7001,-75.4493,50.43,97,100,2.21
392,Bonoua,CI,2022-09-19 03:30:26,5.2741,-3.595,74.82,94,74,5.53
393,Tengushevo,RU,2022-09-19 03:30:27,54.7686,42.7189,61.34,89,100,16.15
394,Laje,BR,2022-09-19 03:30:27,-10.1833,-40.9667,67.8,83,39,11.59
395,Larreynaga,NI,2022-09-19 03:30:27,12.6769,-86.5719,74.75,95,100,0.76
396,Bjornevatn,NO,2022-09-19 03:30:28,69.6672,29.9847,46.74,93,75,11.5
397,Nhulunbuy,AU,2022-09-19 03:30:28,-12.2333,136.7667,90.21,51,75,16.11
398,Williams Lake,CA,2022-09-19 03:30:28,52.1415,-122.1445,54.97,74,20,2.3
399,Poddorye,RU,2022-09-19 03:30:29,57.4695,31.1156,47.86,95,100,16.4
400,Noumea,NC,2022-09-19 03:30:29,-22.2763,166.4572,87.78,99,0,14.7
401,Gillette,US,2022-09-19 03:30:29,44.2911,-105.5022,65.95,53,75,8.05
402,Nastola,FI,2022-09-19 03:30:30,60.95,25.9333,45.84,97,42,4.29
403,Pithora,IN,2022-09-19 03:30:30,21.2667,82.5167,82.71,77,77,4.97
404,Hamilton,US,2022-09-19 03:27:13,39.1834,-84.5333,74.8,75,20,8.05
405,Stephenville Crossing,CA,2022-09-19 03:30:30,48.5,-58.4318,51.93,71,75,11.5
406,Dingle,PH,2022-09-19 03:30:30,10.9995,122.6711,87.4,67,100,15.5
407,Manbij,SY,2022-09-19 03:31:31,36.5281,37.9549,71.58,55,0,9.57
408,Airai,TL,2022-09-19 03:31:31,-8.9266,125.4092,80.91,34,87,2.42
409,Kedrovyy,RU,2022-09-19 03:31:31,56.1667,91.8167,52.21,56,76,9.13
410,San Jose De Sisa,PE,2022-09-19 03:31:32,-6.6167,-76.6915,77.09,69,94,2.98
411,Tagusao,PH,2022-09-19 03:31:32,9.1924,117.8141,84.97,71,89,9.66
412,Karpogory,RU,2022-09-19 03:31:32,64.0019,44.4451,44.62,96,99,3.78
413,Coihaique,CL,2022-09-19 03:28:03,-45.5752,-72.0662,35.55,100,100,2.3
414,Olean,US,2022-09-19 03:31:23,42.0776,-78.4297,68.58,100,75,6.91
415,Kasongo,CD,2022-09-19 03:31:33,-4.45,26.6667,65.55,97,97,3.02
416,Oxilithos,GR,2022-09-19 03:31:33,38.5833,24.1167,68.72,57,0,10.63
417,Brae,GB,2022-09-19 03:31:34,60.3964,-1.353,46.8,69,50,8.75
418,Uvat,RU,2022-09-19 03:31:34,59.1433,68.8953,53.08,79,81,5.41
419,Bobrovytsya,UA,2022-09-19 03:31:34,50.75,31.3833,48.76,89,100,20.62
420,Presidencia Roque Saenz Pena,AR,2022-09-19 03:31:34,-26.7852,-60.4388,65.95,92,15,5.66
421,Shetpe,KZ,2022-09-19 03:31:35,44.1667,52.1167,73.65,24,0,12.73
422,Rincon,US,2022-09-19 03:31:35,32.296,-81.2354,78.85,91,0,4.61
423,Makinsk,KZ,2022-09-19 03:31:36,52.6292,70.4169,57.36,34,61,6.31
424,Roma,US,2022-09-19 03:31:36,43.2128,-75.4557,67.73,98,75,5.75
425,Phangnga,TH,2022-09-19 03:31:36,8.4509,98.5298,86.04,67,100,7.49
426,Verkh-Usugli,RU,2022-09-19 03:31:36,52.7,115.1667,49.3,28,27,7.94
427,Tres Arroyos,AR,2022-09-19 03:31:37,-38.3739,-60.2798,53.58,92,100,6.87
428,Lasa,IT,2022-09-19 03:31:37,46.6166,10.7002,38.7,93,64,7.92
429,Takapau,NZ,2022-09-19 03:31:38,-40.0333,176.35,57.72,78,94,4.34
430,Sisimiut,GL,2022-09-19 03:31:38,66.9395,-53.6735,42.42,87,97,10.92
431,Shemgang,BT,2022-09-19 03:31:38,27.2169,90.6579,75.11,60,6,5.59
432,Birin,NP,2022-09-19 03:31:38,26.8865,88.0718,73.29,73,23,4.94
433,Visby,SE,2022-09-19 03:31:39,57.6409,18.296,53.82,82,100,17.27
434,Plouzane,FR,2022-09-19 03:31:39,48.3833,-4.6167,48.25,100,0,5.75
435,Bambari,CF,2022-09-19 03:31:39,5.768,20.6757,67.6,98,90,0.81
436,Alexandria,EG,2022-09-19 03:31:40,31.2156,29.9553,68.54,71,2,4.25
437,Ulverstone,AU,2022-09-19 03:31:40,-41.15,146.1667,56.21,55,9,10.65
438,Sawankhalok,TH,2022-09-19 03:31:40,17.316,99.8319,84.09,79,20,4.61
439,Khandbari,NP,2022-09-19 03:31:40,27.3747,87.2039,80.83,72,46,3.13
440,Richards Bay,ZA,2022-09-19 03:31:41,-28.783,32.0377,67.39,90,93,9.31
441,Bambous Virieux,MU,2022-09-19 03:30:40,-20.3428,57.7575,73.22,94,75,10.36
442,Svetlyy,RU,2022-09-19 03:31:41,54.675,20.1347,46.45,87,100,8.05
443,Hanover,DE,2022-09-19 03:31:17,52.3705,9.7332,50.99,90,0,10.36
444,Cabedelo,BR,2022-09-19 03:31:41,-6.9811,-34.8339,74.07,81,5,12.41
445,Renfrew,GB,2022-09-19 03:31:42,55.872,-4.3925,51.53,93,75,2.3
446,Vestmannaeyjar,IS,2022-09-19 03:31:42,63.4427,-20.2734,50.77,83,100,29.26
447,Da Lat,VN,2022-09-19 03:31:42,11.9465,108.4419,69.71,77,97,3.56
448,Erice,IT,2022-09-19 03:31:43,38.037,12.5865,61.36,47,14,3.96
449,Zhanaozen,KZ,2022-09-19 03:31:43,43.3,52.8,71.74,24,0,13.85
450,Abu Samrah,SY,2022-09-19 03:31:43,35.3029,37.1841,71.38,62,0,6.31
451,Tilichiki,RU,2022-09-19 03:32:44,60.4667,166.1,49.08,45,0,12.01
452,Evensk,RU,2022-09-19 03:32:44,61.95,159.2333,48.47,41,29,5.14
453,Gushikawa,JP,2022-09-19 03:32:44,26.3544,127.8686,84.2,71,20,16.11
454,Paungde,MM,2022-09-19 03:32:44,18.4833,95.5,81.05,86,96,10.89
455,Villa Maria,AR,2022-09-19 03:32:45,-32.4075,-63.2402,50.83,88,81,19.51
456,Ngaoundere,CM,2022-09-19 03:32:45,7.3167,13.5833,63.95,99,100,3.27
457,Kenai,US,2022-09-19 03:32:45,60.5544,-151.2583,53.69,83,100,4.61
458,Umm Lajj,SA,2022-09-19 03:32:46,25.0213,37.2685,81.86,50,3,10.2
459,Qui Nhon,VN,2022-09-19 03:32:46,13.7667,109.2333,85.24,68,72,6.76
460,Eureka,US,2022-09-19 03:31:01,40.8021,-124.1637,61.2,87,98,1.01
461,Mananara,MG,2022-09-19 03:32:46,-16.1667,49.7667,70.38,85,66,4.7
462,Glendive,US,2022-09-19 03:30:48,47.1053,-104.7125,69.49,38,75,9.22
463,Krasnoselkup,RU,2022-09-19 03:32:47,65.7,82.4667,48.88,93,100,10.98
464,Mackenzie,CA,2022-09-19 03:31:02,55.2999,-123.1698,44.82,93,0,3.44
465,Strezhevoy,RU,2022-09-19 03:32:47,60.7333,77.5889,54.5,77,54,15.61
466,Mangai,CD,2022-09-19 03:32:47,-4.05,19.5333,66.13,99,73,1.16
467,Antalaha,MG,2022-09-19 03:32:47,-14.9003,50.2788,71.31,72,16,6.71
468,Heihe,CN,2022-09-19 03:32:48,50.2441,127.4902,39.78,58,100,23.33
469,Tecoanapa,MX,2022-09-19 03:32:48,16.5167,-98.75,77.72,90,97,8.12
470,Najran,SA,2022-09-19 03:28:51,17.4924,44.1277,74.05,44,95,5.48
471,Tuensang,IN,2022-09-19 03:32:48,26.2833,94.8333,86.34,56,5,1.59
472,Portland,US,2022-09-19 03:31:06,45.5234,-122.6762,70.52,63,40,6.91
473,Zambezi,ZM,2022-09-19 03:32:49,-13.5432,23.1047,65.34,76,40,5.61
474,Kisangani,CD,2022-09-19 03:32:49,0.5167,25.2,69.78,100,100,0.4
475,Bilibino,RU,2022-09-19 03:32:49,68.0546,166.4372,33.73,66,99,2.64
476,Chalus,IR,2022-09-19 03:32:50,36.655,51.4204,65.66,72,0,4.61
477,Burns Lake,CA,2022-09-19 03:30:07,54.2331,-125.7533,45.82,63,24,3.24
478,Khani,GE,2022-09-19 03:32:50,41.9563,42.9566,62.17,89,40,0.63
479,Constantine,DZ,2022-09-19 03:32:50,36.365,6.6147,67.41,77,0,2.3
480,Souillac,MU,2022-09-19 03:32:50,-20.5167,57.5167,68.38,94,75,10.36
481,Kyabe,TD,2022-09-19 03:32:51,9.4515,18.9449,69.46,97,36,1.54
482,Petropavlovsk-Kamchatskiy,RU,2022-09-19 03:32:51,53.0452,158.6483,54.19,62,0,15.66
483,Roald,NO,2022-09-19 03:32:51,62.5833,6.1333,50.76,71,40,14.97
484,Vaitape,PF,2022-09-19 03:32:52,-16.5167,-151.75,78.71,73,7,17.69
485,Cururupu,BR,2022-09-19 03:32:52,-1.8283,-44.8683,74.25,90,83,3.67
486,Kaupanger,NO,2022-09-19 03:32:52,61.1845,7.2404,40.1,92,20,1.1
487,Quatre Cocos,MU,2022-09-19 03:32:53,-20.2078,57.7625,73.09,73,18,16.08
488,Udachnyy,RU,2022-09-19 03:32:53,66.4167,112.4,30.45,92,100,9.55
489,Inta,RU,2022-09-19 03:32:53,66.0317,60.1659,47.3,95,100,9.98
490,Sibolga,ID,2022-09-19 03:32:54,1.7427,98.7792,84.4,57,99,3.24
491,Pelym,RU,2022-09-19 03:32:54,61.0108,61.9978,52.48,70,99,5.79
492,San Quintin,MX,2022-09-19 03:32:54,30.4833,-115.95,67.62,77,0,13.02
493,Omboue,GA,2022-09-19 03:32:54,-1.5746,9.2618,75.65,85,100,8.86
494,Totness,SR,2022-09-19 03:32:55,5.8833,-56.3167,79.7,85,97,10.27
495,Sao Jose Da Coroa Grande,BR,2022-09-19 03:32:55,-8.8978,-35.1478,72.88,80,3,6.2
496,Arvika,SE,2022-09-19 03:32:55,59.6553,12.5852,45.21,67,87,9.35
497,Malakal,SS,2022-09-19 03:32:56,9.5334,31.6605,71.29,93,66,2.33
498,Fortuna,US,2022-09-19 03:32:56,40.5982,-124.1573,60.93,88,100,1.01
499,Sevsk,RU,2022-09-19 03:33:56,52.1491,34.4926,46.87,88,100,21.9
500,Ballina,AU,2022-09-19 03:33:56,-28.8667,153.5667,80.78,38,3,9.48
501,Hericourt,FR,2022-09-19 03:33:57,47.5731,6.7614,50.38,73,99,2.64
502,San Jose,US,2022-09-19 03:30:48,37.3394,-121.895,65.3,89,100,9.22
503,Galveston,US,2022-09-19 03:33:57,29.3669,-94.9669,83.97,87,0,9.22
504,Caraballeda,VE,2022-09-19 03:33:57,10.6112,-66.8522,78.87,89,40,2.3
505,Mbandaka,CD,2022-09-19 03:33:58,0.0487,18.2603,68.76,97,98,2.89
506,Kormilovka,RU,2022-09-19 03:33:58,55.0026,74.1028,60.76,31,65,12.97
507,Tabou,CI,2022-09-19 03:33:58,4.423,-7.3528,74.59,90,61,5.84
508,Chicama,PE,2022-09-19 03:33:58,-7.8447,-79.1469,57.74,87,91,5.95
509,Whyalla,AU,2022-09-19 03:33:59,-33.0333,137.5833,65.86,49,0,3.87
510,Akureyri,IS,2022-09-19 03:33:59,65.6835,-18.0878,42.73,87,0,0.0
511,Shimoda,JP,2022-09-19 03:33:59,34.6667,138.95,85.1,90,100,16.26
512,Pokhara,NP,2022-09-19 03:29:08,28.2333,83.9833,78.85,69,11,3.4
513,Kaliua,TZ,2022-09-19 03:34:00,-5.0606,31.7936,69.42,54,69,5.41
514,Mecca,SA,2022-09-19 03:29:30,21.4267,39.8261,80.87,48,14,4.61
515,Babayurt,RU,2022-09-19 03:34:00,43.6002,46.7789,74.1,78,0,16.73
516,Penzance,GB,2022-09-19 03:34:00,50.1186,-5.5371,47.08,76,0,7.45
517,Port-Gentil,GA,2022-09-19 03:34:01,-0.7193,8.7815,76.26,81,94,11.48
518,Halifax,CA,2022-09-19 03:30:48,44.6453,-63.5724,54.21,88,100,8.05
519,Pangai,TO,2022-09-19 03:34:01,-19.8,-174.35,80.71,69,75,17.27
520,Shuyskoye,RU,2022-09-19 03:34:01,59.3736,41.0305,51.89,92,100,10.11
521,Road Town,VG,2022-09-19 03:34:02,18.4167,-64.6167,77.09,79,100,19.73
522,Alanya,TR,2022-09-19 03:34:02,36.5438,31.9998,71.73,53,0,5.12
523,Indianola,US,2022-09-19 03:34:02,41.3581,-93.5574,75.69,87,14,6.73
524,Kibala,TD,2022-09-19 03:34:03,9.1104,18.3463,68.74,97,80,2.64
525,Mavrovi Anovi,MK,2022-09-19 03:34:03,41.7025,20.7564,39.13,77,0,1.28
526,Diffa,NE,2022-09-19 03:34:03,13.3154,12.6113,77.29,77,40,6.15
527,Krasnokamensk,RU,2022-09-19 03:34:04,50.0979,118.0369,48.0,18,0,13.8
528,North Branch,US,2022-09-19 03:34:04,45.5113,-92.9802,60.15,97,24,4.97
529,Opuwo,NA,2022-09-19 03:34:04,-18.0607,13.84,56.68,42,0,3.94
530,Turka,UA,2022-09-19 03:34:04,49.1541,23.0297,38.8,93,71,7.38
531,Husavik,IS,2022-09-19 03:34:05,66.0449,-17.3389,47.1,76,87,11.41
532,Batemans Bay,AU,2022-09-19 03:34:05,-35.7167,150.1833,63.1,45,73,8.86
533,Nueva Loja,EC,2022-09-19 03:34:05,0.0847,-76.8828,72.14,90,73,3.09
534,Basco,PH,2022-09-19 03:32:01,20.4487,121.9702,83.73,74,100,16.06
535,Grand Gaube,MU,2022-09-19 03:34:06,-20.0064,57.6608,73.38,68,2,8.99
536,Awbari,LY,2022-09-19 03:34:06,26.5921,12.7805,79.25,14,0,5.48
537,Mariental,NA,2022-09-19 03:34:06,-24.6333,17.9667,43.45,68,0,16.58
538,Alamogordo,US,2022-09-19 03:34:07,32.8995,-105.9603,67.66,96,75,11.5
539,Quelimane,MZ,2022-09-19 03:34:07,-17.8786,36.8883,71.55,78,0,11.5
540,Yarada,IN,2022-09-19 03:34:07,17.65,83.2667,78.94,85,100,10.27
541,Kaeo,NZ,2022-09-19 03:34:08,-35.1,173.7833,61.41,94,100,15.32
542,Katherine,AU,2022-09-19 03:34:08,-14.4667,132.2667,105.19,16,25,5.44
543,Aksu,CN,2022-09-19 03:34:08,41.1231,80.2644,74.73,34,88,6.69
544,Lovozero,RU,2022-09-19 03:34:09,68.005,35.0117,45.1,97,100,6.62
545,Balabac,PH,2022-09-19 03:34:09,7.9868,117.0645,85.5,68,88,8.14
